{
  "slug": "christmas-delivery-driver",
  "time_to_read": "time to read",
  "title": "Ask the Expert: What’s It Like Being a Christmas Delivery Driver?",
  "abstract": [],
  "author": {
    "id": "Yg60FBEAACEAeKJO",
    "wioUrl": "wio://documents/Yg60FBEAACEAeKJO"
  },
  "product": "route-planner",
  "description": [
    {
      "type": "paragraph",
      "content": {
        "text": "Are you wondering what it’s like to be a Christmas delivery driver? Not sure how busy it’s going to be? Then, this is the post for you.",
        "spans": []
      }
    }
  ],
  "featured_image": {
    "origin": {
      "id": "",
      "url": "https://wordpress.getcircuit.com/wp-content/uploads/2021/11/8e15d63b-5d54-4f29-a563-592c6f193ca1.jpg",
      "width": 2224,
      "height": 1288
    }
  },
  "body": [
    {
      "key": "rich_text$e9ede6f0-d3b6-404c-96be-a694d70c776c",
      "value": {
        "variation": "default-slice",
        "items": [
          {}
        ],
        "primary": {
          "content": [
            {
              "type": "paragraph",
              "content": {
                "text": "Are you wondering what it’s like to be a Christmas delivery driver? Not sure how busy it’s going to be? Do you know all the hazards to avoid on the road? Then, this is the post for you.",
                "spans": []
              }
            },
            {
              "type": "paragraph",
              "content": {
                "text": "Today, I’m going to share my experience with you.",
                "spans": []
              }
            },
            {
              "type": "paragraph",
              "content": {
                "text": "And, it probably not going to come as a great surprise: Christmas is a good time for courier drivers to make money.",
                "spans": []
              }
            },
            {
              "type": "paragraph",
              "content": {
                "text": "It’s certainly can be a time for peace and goodwill for all people. It’s also a time to make good money because everything goes crazy.",
                "spans": []
              }
            },
            {
              "type": "paragraph",
              "content": {
                "text": "Let’s run through everything you need to know to make sure you don’t get caught out in the rush.",
                "spans": []
              }
            },
            {
              "type": "heading2",
              "content": {
                "text": "The pros of being a Christmas delivery driver",
                "spans": []
              }
            },
            {
              "type": "image",
              "content": {
                "text": "",
                "spans": []
              },
              "data": {
                "origin": {
                  "url": "https://wordpress.getcircuit.com/wp-content/uploads/2021/11/bae05665-4bca-4427-a750-28790202deb8-1024x593.jpg"
                },
                "alt": "The pros of being a Christmas delivery driver"
              }
            },
            {
              "type": "paragraph",
              "content": {
                "text": "I’m in haulage, and the amount of stuff that needs to get delivered is already on the increase.",
                "spans": []
              }
            },
            {
              "type": "paragraph",
              "content": {
                "text": "Trade is going to go up by 10 or 20 percent at least, possibly more.",
                "spans": []
              }
            },
            {
              "type": "paragraph",
              "content": {
                "text": "But if you deliver multiple packages, it going to be absolutely mental as a Christmas delivery driver. With the pandemic, everything has moved away from the high street and much more to online and at-home delivery.",
                "spans": []
              }
            },
            {
              "type": "paragraph",
              "content": {
                "text": "If you’re already doing 100 or 150 packages a day, by Christmas, you can be expected to be doing 200 to 250 plus.",
                "spans": []
              }
            },
            {
              "type": "paragraph",
              "content": {
                "text": "There’s an awful lot more that will be taken into account, which means more money for you to make. That means more turkey on the table, and more sprouts at Christmas.",
                "spans": []
              }
            },
            {
              "type": "paragraph",
              "content": {
                "text": "It’s all good, but with it, you’re going to get the pitfalls.",
                "spans": []
              }
            },
            {
              "type": "heading2",
              "content": {
                "text": "#1 Be prepared for changeable weather",
                "spans": []
              }
            },
            {
              "type": "paragraph",
              "content": {
                "text": "As a matter of course, it gets darker. It’s going to get darker in the mornings. It’s going to get darker in the evenings. That makes the addresses more challenging to find.",
                "spans": []
              }
            },
            {
              "type": "paragraph",
              "content": {
                "text": "That also makes the driving conditions more difficult.",
                "spans": []
              }
            },
            {
              "type": "paragraph",
              "content": {
                "text": "Not just the darkness; you’re going to be facing more wind. You’re going to be facing rain. You’re going to be facing the biggest killer, ice.",
                "spans": []
              }
            },
            {
              "type": "paragraph",
              "content": {
                "text": "People do not realize there’s black ice on the road, which will cause crashes, traffic jams and congestion.",
                "spans": []
              }
            },
            {
              "type": "paragraph",
              "content": {
                "text": "You need to find ways around this, which is why I always recommend getting yourself a decent live Sat Nav. The ones on the phone are the best: Google Maps or Waze, and one that integrates with your multi-drop app.",
                "spans": [
                  {
                    "type": "hyperlink",
                    "data": {
                      "url": "https://www.google.com/maps"
                    },
                    "start": 143,
                    "end": 154
                  },
                  {
                    "type": "hyperlink",
                    "data": {
                      "url": "https://www.waze.com/"
                    },
                    "start": 158,
                    "end": 162
                  }
                ]
              }
            },
            {
              "type": "paragraph",
              "content": {
                "text": "I recommend Circuit Route Planner because it integrates seamlessly with most GPS mapping tools.",
                "spans": [
                  {
                    "type": "hyperlink",
                    "data": {
                      "url": "https://getcircuit.com/route-planner"
                    },
                    "start": 12,
                    "end": 20
                  },
                  {
                    "type": "hyperlink",
                    "data": {
                      "url": "/route-planner"
                    },
                    "start": 20,
                    "end": 26
                  },
                  {
                    "type": "hyperlink",
                    "data": {
                      "url": "https://getcircuit.com/route-planner"
                    },
                    "start": 26,
                    "end": 33
                  }
                ]
              }
            },
            {
              "type": "paragraph",
              "content": {
                "text": "I also advise that you are fully prepared for bad weather before even setting foot in your vehicle, with a change of clothes, hot drink, and a torch. Learn what to take with you on the road that makes your life easier.",
                "spans": [
                  {
                    "type": "em",
                    "start": 150,
                    "end": 217
                  },
                  {
                    "type": "hyperlink",
                    "data": {
                      "url": "/route-planner/blog/what-to-take-as-a-courier-driver"
                    },
                    "start": 150,
                    "end": 217
                  },
                  {
                    "type": "em",
                    "start": 217,
                    "end": 218
                  }
                ]
              }
            },
            {
              "type": "heading2",
              "content": {
                "text": "#2 Treat customers with respect",
                "spans": []
              }
            },
            {
              "type": "paragraph",
              "content": {
                "text": "We’ve all heard the horror stories of customer packages thrown into bins and over walls.",
                "spans": [
                  {
                    "type": "hyperlink",
                    "data": {
                      "url": "https://www.deadlinenews.co.uk/2020/12/18/amazon-customer-fuming-after-delivery-driver-puts-parcels-of-xmas-presents-in-bin-which-was-later-thrown-away-on-bin-day/"
                    },
                    "start": 47,
                    "end": 72
                  }
                ]
              }
            },
            {
              "type": "paragraph",
              "content": {
                "text": "But, whether you like it or not, another thing you’re going to have to face is customers. Christmas is a very jolly time, theoretically. Bt it’s not jolly for everybody, particularly if you’re trying to get everything together. If your customer is trying to get everything sorted before the big day, people are knocking on the door.",
                "spans": []
              }
            },
            {
              "type": "paragraph",
              "content": {
                "text": "So bear in mind: Some people who get your packages will be super jolly, and some won’t be. All you can do in situations like this is be polite, kind, not stressed, and understanding.",
                "spans": []
              }
            },
            {
              "type": "paragraph",
              "content": {
                "text": "I find that saying, “There you go, sir or madam”, helps very much. So if you can, be respectful.",
                "spans": [
                  {
                    "type": "em",
                    "start": 20,
                    "end": 48
                  }
                ]
              }
            },
            {
              "type": "heading2",
              "content": {
                "text": "#3 Reduce your stress",
                "spans": []
              }
            },
            {
              "type": "paragraph",
              "content": {
                "text": "This one will be hard, try and be less stressed. A decent multi-stop app, such as Circuit Route Planner, makes it so much easier as your route will be instantly optimized for the shortest journey. Plus, you can get a free trial and it’s free for up to 10 stops, lovely!",
                "spans": [
                  {
                    "type": "em",
                    "start": 197,
                    "end": 269
                  }
                ]
              }
            },
            {
              "type": "paragraph",
              "content": {
                "text": "You can get through your route quicker because it gives you more time per stop, making you less stressed, meaning you can take on more drops for more money.",
                "spans": []
              }
            },
            {
              "type": "paragraph",
              "content": {
                "text": "This comes in handy because we all need a little bit more money at this time of year.",
                "spans": []
              }
            },
            {
              "type": "paragraph",
              "content": {
                "text": "You can also make things a little easier by knowing how to spot the early warning signs of stress and dealing with it before problems become too large.",
                "spans": [
                  {
                    "type": "hyperlink",
                    "data": {
                      "url": "/route-planner/blog/delivery-route-stress-spot-signs"
                    },
                    "start": 59,
                    "end": 97
                  }
                ]
              }
            },
            {
              "type": "heading2",
              "content": {
                "text": "What’s it Like Being a Christmas Delivery Driver? Driving it home",
                "spans": []
              }
            },
            {
              "type": "paragraph",
              "content": {
                "text": "If you need money fast and are happy to put in the hours, being a Christmas delivery driver is worth it.",
                "spans": []
              }
            },
            {
              "type": "paragraph",
              "content": {
                "text": "Just make sure that you:",
                "spans": []
              }
            },
            {
              "type": "list-item",
              "content": {
                "text": "Prepare for bad weather",
                "spans": []
              }
            },
            {
              "type": "list-item",
              "content": {
                "text": "Treat customers with respect",
                "spans": []
              }
            },
            {
              "type": "list-item",
              "content": {
                "text": "Take steps to reduce your stress where you can",
                "spans": []
              }
            },
            {
              "type": "paragraph",
              "content": {
                "text": "Just remember; It’s Christmas. By all means, get yourself out there and take all the opportunities you can – and then have a rest. If you can, get a little bit of money behind you right now. It’s certainly a good time to do it.",
                "spans": []
              }
            },
            {
              "type": "paragraph",
              "content": {
                "text": "But, above all, have a very merry Christmas.",
                "spans": []
              }
            },
            {
              "type": "paragraph",
              "content": {
                "text": "This is part of a series of regular posts from Pete the Courier Driver with hints and tips for drivers. If you’re new to courier delivery, you may also want to check out what Pete says are the 5 Biggest Problems Faced by Courier Drivers (and how to solve them!)",
                "spans": [
                  {
                    "type": "em",
                    "start": 0,
                    "end": 47
                  },
                  {
                    "type": "em",
                    "start": 47,
                    "end": 70
                  },
                  {
                    "type": "hyperlink",
                    "data": {
                      "url": "https://www.youtube.com/channel/UCRob8wwhDRneDclcVrzCjog"
                    },
                    "start": 47,
                    "end": 70
                  },
                  {
                    "type": "hyperlink",
                    "data": {
                      "url": "/route-planner/blog/independent-courier-drivers-problems"
                    },
                    "start": 193,
                    "end": 236
                  },
                  {
                    "type": "em",
                    "start": 70,
                    "end": 261
                  }
                ]
              }
            }
          ]
        }
      }
    }
  ],
  "no_index": false,
  "meta": [
    {
      "title1": "Ask the Expert: What’s It Like Being a Christmas Delivery Driver?",
      "description1": "Are you wondering what it’s like to be a Christmas delivery driver? Not sure how busy it’s going to be? Then, this is the post for you.\n"
    }
  ],
  "social": [
    {
      "image": {
        "origin": {
          "id": "",
          "url": "https://wordpress.getcircuit.com/wp-content/uploads/2021/11/8e15d63b-5d54-4f29-a563-592c6f193ca1.jpg",
          "width": 2224,
          "height": 1288
        }
      },
      "title1": "Ask the Expert: What’s It Like Being a Christmas Delivery Driver?",
      "description1": "Are you wondering what it’s like to be a Christmas delivery driver? Not sure how busy it’s going to be? Then, this is the post for you.\n"
    }
  ],
  "primary_category": {
    "id": "Yg7TlxEAACQAeTDC",
    "wioUrl": "wio://documents/Yg7TlxEAACQAeTDC"
  },
  "type": "article",
  "tags": [],
  "lang": "en-us",
  "grouplang": "Yg6MwBEAACMAd_Ea"
}