{
  "slug": "independent-delivery-drivers",
  "time_to_read": "time to read",
  "title": "Ask the Expert: The 3 Best Vehicles for Independent Delivery Drivers",
  "abstract": [],
  "author": {
    "id": "Yg60FBEAACEAeKJO",
    "wioUrl": "wio://documents/Yg60FBEAACEAeKJO"
  },
  "product": "route-planner",
  "description": [
    {
      "type": "paragraph",
      "content": {
        "text": "Independent delivery drivers need the right vehicle before they can succeed. Here’s what every driver should know.",
        "spans": []
      }
    }
  ],
  "featured_image": {
    "origin": {
      "id": "",
      "url": "https://wordpress.getcircuit.com/wp-content/uploads/2021/09/af313930-b111-4d87-8e8e-edbf36d45e44.jpg",
      "width": 2224,
      "height": 1288
    }
  },
  "body": [
    {
      "key": "rich_text$e9ede6f0-d3b6-404c-96be-a694d70c776c",
      "value": {
        "variation": "default-slice",
        "items": [
          {}
        ],
        "primary": {
          "content": [
            {
              "type": "paragraph",
              "content": {
                "text": "Being a delivery driver can be great, but before you really invest a lot into it, there’s something you should know: Independent delivery drivers need the right vehicle before they can succeed.",
                "spans": [
                  {
                    "type": "hyperlink",
                    "data": {
                      "url": "/route-planner/blog/7-problems-faced-by-couriers/"
                    },
                    "start": 8,
                    "end": 36
                  }
                ]
              }
            },
            {
              "type": "paragraph",
              "content": {
                "text": "The type of vehicle you choose has a massive effect on the type of work you can do and how much you can charge and earn.",
                "spans": []
              }
            },
            {
              "type": "paragraph",
              "content": {
                "text": "You don’t want to invest money in a vehicle only to find that the most lucrative jobs need you to have a tail lift, and you only have a small truck.",
                "spans": []
              }
            },
            {
              "type": "paragraph",
              "content": {
                "text": "Whether you’re an independent delivery driver looking for your own customers, or a multi-stop courier working for Amazon or FedEx, here I break down the vehicle advice that every courier should hear before paying out any of your hard-earned cash.",
                "spans": [
                  {
                    "type": "hyperlink",
                    "data": {
                      "url": "https://flex.amazon.com/"
                    },
                    "start": 114,
                    "end": 120
                  },
                  {
                    "type": "hyperlink",
                    "data": {
                      "url": "https://careers.fedex.com/fedex/"
                    },
                    "start": 124,
                    "end": 129
                  }
                ]
              }
            },
            {
              "type": "paragraph",
              "content": {
                "text": "This is part of a series of regular posts from Pete the Courier Driver with hints and tips for delivery drivers. If you’re new to delivery driving, make sure to also check out How Much Do You Need to Start.",
                "spans": [
                  {
                    "type": "hyperlink",
                    "data": {
                      "url": "https://www.youtube.com/channel/UCRob8wwhDRneDclcVrzCjog"
                    },
                    "start": 47,
                    "end": 70
                  },
                  {
                    "type": "hyperlink",
                    "data": {
                      "url": "/route-planner/blog/independent-courier/"
                    },
                    "start": 176,
                    "end": 205
                  },
                  {
                    "type": "em",
                    "start": 0,
                    "end": 205
                  }
                ]
              }
            },
            {
              "type": "paragraph",
              "content": {
                "text": "The truth of the matter is, what vehicle you buy depends on the type of delivery you want to do. Do you want to go the multi-stop route or do you want to go the haulage route? If you’re going the haulage route, you want to get the biggest vehicle you can. But that’s for another post.",
                "spans": []
              }
            },
            {
              "type": "heading2",
              "content": {
                "text": "Multi-stop vehicles for independent courier drivers",
                "spans": []
              }
            },
            {
              "type": "paragraph",
              "content": {
                "text": "Now, if you’re going to go down the multi-stop route, you don’t really want a big vehicle. Because if you’re going to be doing 200 to 250 drops a day, you don’t want to be trying to get around windy streets with cars parked on either side. You’re going to have to be stopping everywhere.",
                "spans": []
              }
            },
            {
              "type": "paragraph",
              "content": {
                "text": "You want a tidy little vehicle. So you’re really going to be looking for something like a small truck or van, or medium or long-wheelbase. You can even do it in a car.",
                "spans": []
              }
            },
            {
              "type": "paragraph",
              "content": {
                "text": "If you are going to do the multi-drop, get yourself a decent route optimization app to save time and money.",
                "spans": [
                  {
                    "type": "hyperlink",
                    "data": {
                      "url": "/route-planner/blog/delivery-route-planner-apps/"
                    },
                    "start": 61,
                    "end": 83
                  }
                ]
              }
            },
            {
              "type": "paragraph",
              "content": {
                "text": "The other advantage of doing multi-stop is that it’s easy to get into. If you haven’t entered the delivery game before it’s a good way to learn. Also, if you want to use the vehicle for home and work use.",
                "spans": []
              }
            },
            {
              "type": "heading2",
              "content": {
                "text": "The 3 Best Vehicles for Independent delivery Drivers",
                "spans": []
              }
            },
            {
              "type": "heading3",
              "content": {
                "text": "#1 Box truck or cube truck",
                "spans": []
              }
            },
            {
              "type": "image",
              "content": {
                "text": "",
                "spans": []
              },
              "data": {
                "origin": {
                  "url": "https://wordpress.getcircuit.com/wp-content/uploads/2021/09/luton-box-van.jpg"
                },
                "alt": "The 3 Best Vehicles for Independent delivery Drivers: DHL Box Van"
              }
            },
            {
              "type": "paragraph",
              "content": {
                "text": "If you’re thinking about getting into independent courier deliveries, the number one vehicle I recommend is a box truck and a tail lift (we call that a Luton van in the UK). Or a box truck with a curtainside and a tail lift. Then you’ll be able to do two or three jobs a day.",
                "spans": [
                  {
                    "type": "hyperlink",
                    "data": {
                      "url": "https://www.autotrader.co.uk/trucks/used-trucks/box"
                    },
                    "start": 110,
                    "end": 135
                  },
                  {
                    "type": "hyperlink",
                    "data": {
                      "url": "/route-planner/blog/save-time-optimizing-delivery-routes/"
                    },
                    "start": 251,
                    "end": 274
                  }
                ]
              }
            },
            {
              "type": "paragraph",
              "content": {
                "text": "Box trucks are typically 10–26 ft (3.0–7.9 m) in length and can range from Class 3 to Class 7. So although you can get a lot in them, the difficulty can sometimes be in finding a convenient place to park.",
                "spans": []
              }
            },
            {
              "type": "heading3",
              "content": {
                "text": "#2 Long wheelbase truck",
                "spans": []
              }
            },
            {
              "type": "image",
              "content": {
                "text": "",
                "spans": []
              },
              "data": {
                "origin": {
                  "url": "https://wordpress.getcircuit.com/wp-content/uploads/2021/09/claudio-schwarz-FLLKq3yDnfI-unsplash-1024x683.jpg"
                },
                "alt": "The 3 Best Vehicles for Independent delivery Drivers: Long-wheelbase truck"
              }
            },
            {
              "type": "paragraph",
              "content": {
                "text": "You don’t have to go for the Luton. Some couriers prefer to go for the long-wheelbase or an extra-long wheelbase.",
                "spans": [
                  {
                    "type": "hyperlink",
                    "data": {
                      "url": "https://www.parkers.co.uk/vans-pickups/advice/long-wheelbase-vans/"
                    },
                    "start": 71,
                    "end": 85
                  }
                ]
              }
            },
            {
              "type": "paragraph",
              "content": {
                "text": "Independent courier deliveries can be done in long-wheelbase trucks. But you’re going to get less for every load because you can fit less in.",
                "spans": []
              }
            },
            {
              "type": "paragraph",
              "content": {
                "text": "On the other hand, long-wheelbase trucks, such as the Ford Transit Connect and Citroen Berlingo, are ideal for courier driving because they’re nimble and easy to park almost anywhere.",
                "spans": [
                  {
                    "type": "hyperlink",
                    "data": {
                      "url": "https://en.wikipedia.org/wiki/Ford_Transit_Connect"
                    },
                    "start": 54,
                    "end": 74
                  },
                  {
                    "type": "hyperlink",
                    "data": {
                      "url": "https://en.wikipedia.org/wiki/Citro%C3%ABn_Berlingo"
                    },
                    "start": 79,
                    "end": 95
                  }
                ]
              }
            },
            {
              "type": "heading3",
              "content": {
                "text": "#3 Medium wheelbase truck",
                "spans": []
              }
            },
            {
              "type": "image",
              "content": {
                "text": "",
                "spans": []
              },
              "data": {
                "origin": {
                  "url": "https://wordpress.getcircuit.com/wp-content/uploads/2021/09/mealpro-uFIfEb-fPA4-unsplash-1024x683.jpg"
                },
                "alt": "The 3 Best Vehicles for Independent delivery Drivers: Medium-wheelbase truck"
              }
            },
            {
              "type": "paragraph",
              "content": {
                "text": "If you get yourself a medium wheelbase with a regular-sized roof, it’ll still go into car parks, you can still park it on a driveway and you won’t upset the neighbors.",
                "spans": []
              }
            },
            {
              "type": "paragraph",
              "content": {
                "text": "Some of the best medium-wheelbase trucks that I recommend include the Ford Transit and Volkswagen Transporter.",
                "spans": [
                  {
                    "type": "hyperlink",
                    "data": {
                      "url": "https://www.ford.co.uk/vans-and-pickups/transit"
                    },
                    "start": 70,
                    "end": 82
                  },
                  {
                    "type": "hyperlink",
                    "data": {
                      "url": "https://en.wikipedia.org/wiki/Volkswagen_Transporter"
                    },
                    "start": 87,
                    "end": 109
                  }
                ]
              }
            },
            {
              "type": "paragraph",
              "content": {
                "text": "A medium truck offers a good compromise between increased load space – and payload – over a small truck, while still offering relatively easy parking and a less intimidating driving experience than larger trucks.",
                "spans": []
              }
            },
            {
              "type": "heading2",
              "content": {
                "text": "Independent delivery drivers: Top tip",
                "spans": []
              }
            },
            {
              "type": "paragraph",
              "content": {
                "text": "Whatever vehicle you go for, don’t lose too many nights sleep deciding. Because if you buy it and then you realize you bought the wrong one, you can change it. If you go and get yourself an expensive lease or similar, you’re tied in for several years. Just bear that in mind.",
                "spans": []
              }
            },
            {
              "type": "heading2",
              "content": {
                "text": "The 3 best vehicles for independent delivery drivers: Driving it home",
                "spans": []
              }
            },
            {
              "type": "paragraph",
              "content": {
                "text": "What type of vehicle you need really depends on which way you want to go. If you want to do haulage, I recommend you get yourself a longer wheel-base vehicle. The bigger the better.",
                "spans": []
              }
            },
            {
              "type": "paragraph",
              "content": {
                "text": "If you want to do multi-stop delivery, then a tidy little truck, car, or a long wheelbase vehicle is ideal. That means you can get in and out of the parking spaces easily, and get your packages off quicker – because time is money.",
                "spans": []
              }
            },
            {
              "type": "paragraph",
              "content": {
                "text": "So buy it and try it, and then see how you go. And if you don’t like it, you can always swap it, you can sell it, move onto the next one.",
                "spans": []
              }
            },
            {
              "type": "paragraph",
              "content": {
                "text": "Now that you know what the best vehicle is for you as an independent delivery driver, install Circuit for a free trial now and make delivery easy by saving an hour a day.",
                "spans": [
                  {
                    "type": "hyperlink",
                    "data": {
                      "url": "https://getcircuit.com/route-planner"
                    },
                    "start": 94,
                    "end": 118
                  },
                  {
                    "type": "em",
                    "start": 0,
                    "end": 170
                  }
                ]
              }
            }
          ]
        }
      }
    }
  ],
  "no_index": false,
  "meta": [
    {
      "title1": "Ask the Expert: The 3 Best Vehicles for Independent Delivery Drivers",
      "description1": "Independent delivery drivers need the right vehicle before they can succeed. Here’s what every driver should know.\n"
    }
  ],
  "social": [
    {
      "image": {
        "origin": {
          "id": "",
          "url": "https://wordpress.getcircuit.com/wp-content/uploads/2021/09/af313930-b111-4d87-8e8e-edbf36d45e44.jpg",
          "width": 2224,
          "height": 1288
        }
      },
      "title1": "Ask the Expert: The 3 Best Vehicles for Independent Delivery Drivers",
      "description1": "Independent delivery drivers need the right vehicle before they can succeed. Here’s what every driver should know.\n"
    }
  ],
  "primary_category": {
    "id": "Yg7TlxEAACQAeTDC",
    "wioUrl": "wio://documents/Yg7TlxEAACQAeTDC"
  },
  "type": "article",
  "tags": [],
  "lang": "en-us",
  "grouplang": "Yg6MwBEAACMAd_Ea"
}