{
  "slug": "how-to-become-an-independent-courier-contractor",
  "time_to_read": "time to read",
  "title": "How to Become an Independent Courier Contractor (in-Depth Guide)",
  "abstract": [],
  "author": {
    "id": "Yg60FBEAACEAeKI0",
    "wioUrl": "wio://documents/Yg60FBEAACEAeKI0"
  },
  "product": "route-planner",
  "description": [
    {
      "type": "paragraph",
      "content": {
        "text": "In this guide, we cover the different types of indepentent courier work, what you need, and salary.",
        "spans": []
      }
    }
  ],
  "featured_image": {
    "origin": {
      "id": "",
      "url": "https://wordpress.getcircuit.com/wp-content/uploads/2021/10/1935eb81-2c68-4e5e-89ed-6047ac504ad2.jpg",
      "width": 2224,
      "height": 1288
    }
  },
  "body": [
    {
      "key": "rich_text$e9ede6f0-d3b6-404c-96be-a694d70c776c",
      "value": {
        "variation": "default-slice",
        "items": [
          {}
        ],
        "primary": {
          "content": [
            {
              "type": "paragraph",
              "content": {
                "text": "Want to finish your delivery work an hour earlier? Try Circuit Route Planner for free now.",
                "spans": [
                  {
                    "type": "hyperlink",
                    "data": {
                      "url": "https://circu.it/tUC7hW"
                    },
                    "start": 51,
                    "end": 89
                  },
                  {
                    "type": "strong",
                    "start": 0,
                    "end": 90
                  }
                ]
              }
            },
            {
              "type": "paragraph",
              "content": {
                "text": "Wondering how to become an independent courier contractor?",
                "spans": []
              }
            },
            {
              "type": "paragraph",
              "content": {
                "text": "There’s no better time to consider this occupation that’s in demand, with signs that the need will only increase.",
                "spans": []
              }
            },
            {
              "type": "paragraph",
              "content": {
                "text": "The United States Bureau of Labour Statistics reports that the employment of delivery truck drivers is “projected to grow 12 per cent from 2020 to 2030, faster than the average for all occupations.” ",
                "spans": [
                  {
                    "type": "hyperlink",
                    "data": {
                      "url": "https://www.bls.gov/ooh/transportation-and-material-moving/delivery-truck-drivers-and-driver-sales-workers.htm"
                    },
                    "start": 4,
                    "end": 45
                  }
                ]
              }
            },
            {
              "type": "paragraph",
              "content": {
                "text": "And the well-documented driver shortage in the United Kingdom is not unique.",
                "spans": []
              }
            },
            {
              "type": "paragraph",
              "content": {
                "text": "The European Union is also dealing with a driver shortage that began before the global pandemic. Politico reports that in 2019, 24 per cent of trucker positions were unfilled in the UK, while 22 per cent were unfilled in Poland, 21 percent in the Czech Republic, and 20 per cent in Spain. ",
                "spans": [
                  {
                    "type": "hyperlink",
                    "data": {
                      "url": "https://www.politico.eu/article/europes-looming-truck-driver-shortage-trucker-haulier-brexit-hgv/"
                    },
                    "start": 97,
                    "end": 105
                  }
                ]
              }
            },
            {
              "type": "paragraph",
              "content": {
                "text": "While these positions are not just for couriers, there is definitely a need for drivers and couriers, wherever you live.",
                "spans": []
              }
            },
            {
              "type": "paragraph",
              "content": {
                "text": "If you like the idea of working for yourself, then being an independent courier contractor is an ideal choice.",
                "spans": []
              }
            },
            {
              "type": "paragraph",
              "content": {
                "text": "But where do you start? How to become an independent courier contractor?",
                "spans": []
              }
            },
            {
              "type": "paragraph",
              "content": {
                "text": "I’ve compiled some of the best research and advice from current couriers for a complete look at how to become an independent courier contractor.",
                "spans": []
              }
            },
            {
              "type": "paragraph",
              "content": {
                "text": "Here’s what you’ll learn:",
                "spans": []
              }
            },
            {
              "type": "list-item",
              "content": {
                "text": "What an independent courier contractor is",
                "spans": []
              }
            },
            {
              "type": "list-item",
              "content": {
                "text": "What you’ll need to start",
                "spans": []
              }
            },
            {
              "type": "list-item",
              "content": {
                "text": "What types of independent courier contractor jobs there are",
                "spans": []
              }
            },
            {
              "type": "list-item",
              "content": {
                "text": "Independent courier contractor salary",
                "spans": []
              }
            },
            {
              "type": "list-item",
              "content": {
                "text": "How to become an independent courier for FedEx, Amazon, and UPS",
                "spans": []
              }
            },
            {
              "type": "list-item",
              "content": {
                "text": "Costly mistakes to avoid",
                "spans": []
              }
            },
            {
              "type": "paragraph",
              "content": {
                "text": "Let’s dive in and find out what being an independent courier contractor is all about.",
                "spans": []
              }
            },
            {
              "type": "heading2",
              "content": {
                "text": "How to become an independent courier contractor",
                "spans": []
              }
            },
            {
              "type": "heading3",
              "content": {
                "text": "What is an independent courier contractor?",
                "spans": []
              }
            },
            {
              "type": "image",
              "content": {
                "text": "",
                "spans": []
              },
              "data": {
                "origin": {
                  "url": "https://wordpress.getcircuit.com/wp-content/uploads/2021/10/1abc1b5c-be0b-4035-8e8a-2315523723f5-1024x593.jpg"
                },
                "alt": "How to Become an Independent Courier Contractor (in-Depth Guide): What is an independent courier contractor?"
              }
            },
            {
              "type": "paragraph",
              "content": {
                "text": "Here’s the difference between an on-demand delivery driver and an independent courier contractor.",
                "spans": []
              }
            },
            {
              "type": "heading4",
              "content": {
                "text": "Delivery drivers",
                "spans": []
              }
            },
            {
              "type": "paragraph",
              "content": {
                "text": "An delivery driver usually works as a company employee, driving a company vehicle instead of a personal vehicle.",
                "spans": []
              }
            },
            {
              "type": "paragraph",
              "content": {
                "text": "Expenses like fuel and maintenance are covered by the company.",
                "spans": []
              }
            },
            {
              "type": "paragraph",
              "content": {
                "text": "Employees are typically paid by the hour, or get a salary, and may also get employment benefits.",
                "spans": []
              }
            },
            {
              "type": "paragraph",
              "content": {
                "text": "They also don’t have to worry about finding customers. They show up at the warehouse and pick up their load every day.",
                "spans": []
              }
            },
            {
              "type": "heading4",
              "content": {
                "text": "Independent courier contractor",
                "spans": [
                  {
                    "type": "strong",
                    "start": 0,
                    "end": 1
                  }
                ]
              }
            },
            {
              "type": "paragraph",
              "content": {
                "text": "Bu contrast, an independent contractor courier is not a company employee.",
                "spans": []
              }
            },
            {
              "type": "paragraph",
              "content": {
                "text": "Instead, this type of courier uses their own vehicle, even a car.",
                "spans": []
              }
            },
            {
              "type": "paragraph",
              "content": {
                "text": "The independent courier contracts with a company or companies, and is paid either per delivery or per mile. In some instances, the pay could be at a daily rate. ",
                "spans": []
              }
            },
            {
              "type": "paragraph",
              "content": {
                "text": "They have to find their own customers, which could be a large company that contracts with drivers like FedEx, or local businesses like florists or law firms.",
                "spans": []
              }
            },
            {
              "type": "paragraph",
              "content": {
                "text": "There are options to sub-contract or find their own end-user customers. ",
                "spans": [
                  {
                    "type": "hyperlink",
                    "data": {
                      "url": "/route-planner/blog/how-to-make-money-as-a-courier-in-the-uk"
                    },
                    "start": 21,
                    "end": 70
                  }
                ]
              }
            },
            {
              "type": "paragraph",
              "content": {
                "text": "An independent courier contractor is responsible for the cost of their vehicle, the expenses associated with maintaining it, the cost of fuel and other necessary items like a smartphone, as well as vehicle insurance.",
                "spans": [
                  {
                    "type": "hyperlink",
                    "data": {
                      "url": "/route-planner/blog/the-best-vehicle-for-courier-work/"
                    },
                    "start": 57,
                    "end": 78
                  }
                ]
              }
            },
            {
              "type": "heading2",
              "content": {
                "text": "Top 5 independent contractor courier requirements",
                "spans": []
              }
            },
            {
              "type": "image",
              "content": {
                "text": "",
                "spans": []
              },
              "data": {
                "origin": {
                  "url": "https://wordpress.getcircuit.com/wp-content/uploads/2021/08/cb7326f0-77fb-443c-92f8-e01e583ba07f-1024x593.jpg"
                },
                "alt": "How to become an independent courier contractor"
              }
            },
            {
              "type": "paragraph",
              "content": {
                "text": "If you’re thinking seriously about becoming an independent courier contractor, there are some important requirements for the job: ",
                "spans": []
              }
            },
            {
              "type": "heading3",
              "content": {
                "text": "1. A reliable vehicle",
                "spans": [
                  {
                    "type": "strong",
                    "start": 0,
                    "end": 21
                  }
                ]
              }
            },
            {
              "type": "paragraph",
              "content": {
                "text": "A van is often recommended for couriers and delivery drivers, but it is possible to work as an independent contractor courier with your own car.",
                "spans": [
                  {
                    "type": "hyperlink",
                    "data": {
                      "url": "/route-planner/blog/independent-courier"
                    },
                    "start": 0,
                    "end": 26
                  }
                ]
              }
            },
            {
              "type": "paragraph",
              "content": {
                "text": "Just be sure the vehicle is reliable, and keep up the maintenance schedule so it remains reliable.",
                "spans": []
              }
            },
            {
              "type": "heading3",
              "content": {
                "text": "2. Appropriate licences and insurance",
                "spans": [
                  {
                    "type": "strong",
                    "start": 0,
                    "end": 37
                  }
                ]
              }
            },
            {
              "type": "paragraph",
              "content": {
                "text": "You need a valid driver’s license, and your vehicle needs appropriate license plates.",
                "spans": []
              }
            },
            {
              "type": "paragraph",
              "content": {
                "text": "You also need to get the insurance that covers you and your vehicle for courier work.",
                "spans": []
              }
            },
            {
              "type": "paragraph",
              "content": {
                "text": "Regular insurance may not cover being a courier, and you could end up being liable for damages to the goods, or find yourself uninsured in the event of an accident.",
                "spans": []
              }
            },
            {
              "type": "heading3",
              "content": {
                "text": "3. A smartphone",
                "spans": [
                  {
                    "type": "strong",
                    "start": 0,
                    "end": 15
                  }
                ]
              }
            },
            {
              "type": "paragraph",
              "content": {
                "text": "You need to be able to communicate with customers, so a cell phone is essential.",
                "spans": []
              }
            },
            {
              "type": "paragraph",
              "content": {
                "text": "But by opting for a smartphone, you can load apps that can make your work easier, like a navigation app or one that finds the nearest and cheapest fuel prices. ",
                "spans": []
              }
            },
            {
              "type": "heading3",
              "content": {
                "text": "4. GPS",
                "spans": [
                  {
                    "type": "strong",
                    "start": 0,
                    "end": 6
                  }
                ]
              }
            },
            {
              "type": "paragraph",
              "content": {
                "text": "If you don’t already use a smartphone with a GPS app such as Google Maps, or Waze, then you should get a GPS to help you navigate. Opt for hands-free to stay safe.",
                "spans": [
                  {
                    "type": "hyperlink",
                    "data": {
                      "url": "https://www.waze.com/"
                    },
                    "start": 77,
                    "end": 81
                  }
                ]
              }
            },
            {
              "type": "heading3",
              "content": {
                "text": "5. Other essential items",
                "spans": [
                  {
                    "type": "strong",
                    "start": 0,
                    "end": 24
                  }
                ]
              }
            },
            {
              "type": "paragraph",
              "content": {
                "text": "If you’re delivering large goods, then moving equipment like a dolly may be necessary.",
                "spans": []
              }
            },
            {
              "type": "paragraph",
              "content": {
                "text": "You may need straps to tie down packages. It’s also a good idea to carry a first aid kit, wear a safety vest, and make sure you have comfortable clothing and shoes. ",
                "spans": [
                  {
                    "type": "hyperlink",
                    "data": {
                      "url": "/route-planner/blog/what-to-take-as-a-courier-driver/"
                    },
                    "start": 13,
                    "end": 40
                  }
                ]
              }
            },
            {
              "type": "heading2",
              "content": {
                "text": "Types of independent courier contractor jobs",
                "spans": []
              }
            },
            {
              "type": "image",
              "content": {
                "text": "",
                "spans": []
              },
              "data": {
                "origin": {
                  "url": "https://wordpress.getcircuit.com/wp-content/uploads/2021/10/53721204-1ca1-4fe1-9731-de120c8933aa-1024x593.jpg"
                },
                "alt": "How to Become an Independent Courier Contractor (in-Depth Guide): Types of independent courier contractor jobs"
              }
            },
            {
              "type": "paragraph",
              "content": {
                "text": "There’s no shortage of types of independent courier contractor jobs, and the need for different drivers continues to grow.",
                "spans": []
              }
            },
            {
              "type": "paragraph",
              "content": {
                "text": "IBISWorld reports that “demand for services provided by the Couriers and Local Delivery Services industry, such as courier services and restaurant and grocery delivery, has vastly increased.” ",
                "spans": [
                  {
                    "type": "hyperlink",
                    "data": {
                      "url": "https://www.ibisworld.com/united-states/market-research-reports/couriers-local-delivery-services-industry/"
                    },
                    "start": 0,
                    "end": 9
                  }
                ]
              }
            },
            {
              "type": "paragraph",
              "content": {
                "text": "There are a number of factors that have caused this rise, including the global pandemic and the increase in e-commerce sales, online shopping, and businesses including free delivery as a selling point.",
                "spans": []
              }
            },
            {
              "type": "paragraph",
              "content": {
                "text": "In any case, industry employment is expected to continue to rise. ",
                "spans": []
              }
            },
            {
              "type": "paragraph",
              "content": {
                "text": "There are also demands for fast delivery, as some retailers promise same-day or next-day delivery to entice customers.",
                "spans": [
                  {
                    "type": "hyperlink",
                    "data": {
                      "url": "/route-planner/blog/6-top-driving-trends-for-delivery-drivers/"
                    },
                    "start": 45,
                    "end": 117
                  }
                ]
              }
            },
            {
              "type": "paragraph",
              "content": {
                "text": "And, there’s a need in many centres for speciality services, such as the delivery of urgent and confidential documentation, critical parts or prototypes for manufacturing, or goods that need to be handled in a special way, like hazardous materials, or fragile goods.",
                "spans": []
              }
            },
            {
              "type": "paragraph",
              "content": {
                "text": "There are options to work for larger companies as part of a network of delivery services. Or to be a local messenger that provides delivery services within a smaller area, like a city’s downtown core.",
                "spans": []
              }
            },
            {
              "type": "paragraph",
              "content": {
                "text": "Here are a few examples:",
                "spans": []
              }
            },
            {
              "type": "paragraph",
              "content": {
                "text": "Local courier services: In this instance, drivers deliver letters and packages, usually within a city. Deliveries could include legal documents or small packages from business to business. ",
                "spans": [
                  {
                    "type": "em",
                    "start": 0,
                    "end": 23
                  },
                  {
                    "type": "strong",
                    "start": 0,
                    "end": 23
                  }
                ]
              }
            },
            {
              "type": "paragraph",
              "content": {
                "text": "Grocery delivery services: Demand for this type of service increased during the global pandemic, as people wanted to avoid in-store shopping. In this instance, a courier contractor picks up the orders at the store and delivers the groceries to customers. ",
                "spans": [
                  {
                    "type": "em",
                    "start": 0,
                    "end": 26
                  },
                  {
                    "type": "strong",
                    "start": 0,
                    "end": 26
                  }
                ]
              }
            },
            {
              "type": "paragraph",
              "content": {
                "text": "Restaurant meal delivery services: This is another service that saw a boost in demand during the pandemic. Services are run through food delivery apps, or independent contractor delivery drivers can work with individual restaurants to make deliveries.",
                "spans": [
                  {
                    "type": "em",
                    "start": 0,
                    "end": 34
                  },
                  {
                    "type": "strong",
                    "start": 0,
                    "end": 34
                  }
                ]
              }
            },
            {
              "type": "paragraph",
              "content": {
                "text": "Alcoholic beverage delivery services: If you’re looking to supplement income on nights and weekends, this type of service is popular for those who don’t want to drive to get their libation.",
                "spans": [
                  {
                    "type": "em",
                    "start": 0,
                    "end": 37
                  },
                  {
                    "type": "strong",
                    "start": 0,
                    "end": 37
                  }
                ]
              }
            },
            {
              "type": "paragraph",
              "content": {
                "text": "Liquor stores and restaurants deliver alcoholic beverages at a cost to customers, and give an extra avenue for those wanting to be an independent courier contractor.",
                "spans": []
              }
            },
            {
              "type": "paragraph",
              "content": {
                "text": "There is still a need for delivery of flowers and plants, as this type of delivery remains a popular gift, or surprise for Valentine’s Day, birthdays, and other special occasions.  ",
                "spans": []
              }
            },
            {
              "type": "paragraph",
              "content": {
                "text": "Medical deliveries: A medical courier transports and delivers medical documents or records, lab specimens or test results, medical supplies, and medications. ",
                "spans": [
                  {
                    "type": "em",
                    "start": 0,
                    "end": 19
                  },
                  {
                    "type": "strong",
                    "start": 0,
                    "end": 19
                  },
                  {
                    "type": "hyperlink",
                    "data": {
                      "url": "https://www.ziprecruiter.com/Career/Medical-Courier-Independent-Contractor/What-Is-How-to-Become"
                    },
                    "start": 22,
                    "end": 37
                  }
                ]
              }
            },
            {
              "type": "paragraph",
              "content": {
                "text": "Many pharmacies hire independent couriers to deliver prescriptions to customers. Once again, you would pick up the packages at the store and deliver them on behalf of the store.",
                "spans": []
              }
            },
            {
              "type": "paragraph",
              "content": {
                "text": "Other types of deliveries: Many retail stores offer free or low-cost delivery of their items, as online shopping becomes more popular. You could find work delivering books, clothing, jewellery and watches, and even cannabis products in countries where it is legal.",
                "spans": [
                  {
                    "type": "em",
                    "start": 0,
                    "end": 26
                  },
                  {
                    "type": "strong",
                    "start": 0,
                    "end": 26
                  }
                ]
              }
            },
            {
              "type": "paragraph",
              "content": {
                "text": "You could fill a niche for a speciality business if you’re willing to work outside of 9-to-5 hours. For instance, a bakery that needs bread delivered to delicatessens and other clients every day will need a driver to work early mornings before the delis open.",
                "spans": []
              }
            },
            {
              "type": "paragraph",
              "content": {
                "text": "In many instances, companies would prefer to hire an independent courier contractor rather than hire an employee.",
                "spans": []
              }
            },
            {
              "type": "paragraph",
              "content": {
                "text": "In the instance of a flower shop, for instance, it may not be economically viable to have a full-time driver.",
                "spans": []
              }
            },
            {
              "type": "paragraph",
              "content": {
                "text": "So as a driver working for yourself, you could arrange work with several different types of businesses that need part-time drivers. Or you could arrange to work for one company while still remaining an independent contractor.",
                "spans": []
              }
            },
            {
              "type": "paragraph",
              "content": {
                "text": "As for finding work, there are a few routes to take (pun intended).",
                "spans": [
                  {
                    "type": "hyperlink",
                    "data": {
                      "url": "/route-planner/blog/contract-delivery-jobs"
                    },
                    "start": 7,
                    "end": 19
                  }
                ]
              }
            },
            {
              "type": "paragraph",
              "content": {
                "text": "You may know of local businesses that need your service. You can also call on local businesses to find out their needs, and offer your services.",
                "spans": []
              }
            },
            {
              "type": "paragraph",
              "content": {
                "text": "Consider contacting local business organizations or downtown associations, the Chamber of Commerce, or other groups that support local businesses. ",
                "spans": []
              }
            },
            {
              "type": "paragraph",
              "content": {
                "text": "There’s also the option to look online. In the United Kingdom, for instance, Courier Exchange connects companies and drivers.",
                "spans": [
                  {
                    "type": "hyperlink",
                    "data": {
                      "url": "https://courierexchange.co.uk/"
                    },
                    "start": 77,
                    "end": 93
                  }
                ]
              }
            },
            {
              "type": "paragraph",
              "content": {
                "text": "In the United States, there are various platforms, like Indeed, SimplyHired, ZipRecruiter and more.",
                "spans": []
              }
            },
            {
              "type": "paragraph",
              "content": {
                "text": "In Australia, Indeed and Seek are two options.",
                "spans": []
              }
            },
            {
              "type": "paragraph",
              "content": {
                "text": "In Canada, Workopolis and Indeed are available, as well as the Government of Canada’s Job Bank.",
                "spans": [
                  {
                    "type": "hyperlink",
                    "data": {
                      "url": "https://www.jobbank.gc.ca/jobsearch/?fn=7514&amp;sort=M"
                    },
                    "start": 86,
                    "end": 94
                  }
                ]
              }
            },
            {
              "type": "heading2",
              "content": {
                "text": "Independent courier contractor salary",
                "spans": []
              }
            },
            {
              "type": "image",
              "content": {
                "text": "",
                "spans": []
              },
              "data": {
                "origin": {
                  "url": "https://wordpress.getcircuit.com/wp-content/uploads/2021/10/fa62cd02-3610-4e79-87df-ac9bbf91ed46-1024x593.jpg"
                },
                "alt": "How to Become an Independent Courier Contractor (in-Depth Guide): Independent courier contractor salary"
              }
            },
            {
              "type": "paragraph",
              "content": {
                "text": "If you’re looking to become a delivery driver, one of your top questions is likely: How much money can I make as an independent courier contractor?",
                "spans": []
              }
            },
            {
              "type": "paragraph",
              "content": {
                "text": "There are a number of sources that we can look to for an idea of independent contractor courier pay.",
                "spans": []
              }
            },
            {
              "type": "paragraph",
              "content": {
                "text": "The U.S. Bureau of Labor Statistics reports that the median (or middle) wage for drivers was 7,960 USD in 2020.",
                "spans": [
                  {
                    "type": "hyperlink",
                    "data": {
                      "url": "https://www.bls.gov/ooh/transportation-and-material-moving/delivery-truck-drivers-and-driver-sales-workers.htm#tab-5"
                    },
                    "start": 4,
                    "end": 35
                  }
                ]
              }
            },
            {
              "type": "paragraph",
              "content": {
                "text": "The lowest 10 per cent earned less than 8,600, and the highest 10 per cent earned more than 0,910.",
                "spans": []
              }
            },
            {
              "type": "paragraph",
              "content": {
                "text": "The median annual wage for light truck drivers was 7,050 in 2020, with the lowest 10 per cent earning less than 2,470, and the highest 10 per cent earning more than 0,080.",
                "spans": []
              }
            },
            {
              "type": "paragraph",
              "content": {
                "text": "Here’s some more detail (all in USD):",
                "spans": []
              }
            },
            {
              "type": "paragraph",
              "content": {
                "text": "May 2020 median annual wages for driver and sales workers and the top industries:",
                "spans": []
              }
            },
            {
              "type": "paragraph",
              "content": {
                "text": "May 2020 median annual wages for light truck drivers and the top industries:",
                "spans": []
              }
            },
            {
              "type": "paragraph",
              "content": {
                "text": "While the data does not answer the question – are couriers independent contractors – it does give an indication of how much money is possible as a delivery driver.",
                "spans": []
              }
            },
            {
              "type": "paragraph",
              "content": {
                "text": "As well, in some countries and for some industries, drivers can earn tips over and above their pay.",
                "spans": []
              }
            },
            {
              "type": "paragraph",
              "content": {
                "text": "As for getting paid, some couriers earn money for each delivery, or by the mile, or contract with a company and earn an hourly wage without becoming an employee.",
                "spans": []
              }
            },
            {
              "type": "paragraph",
              "content": {
                "text": "You’ll also want to discuss how and when you will be paid. Depending on the company, you may get paid daily, weekly or monthly.",
                "spans": []
              }
            },
            {
              "type": "paragraph",
              "content": {
                "text": "Different customers may pay you on different schedules. But it’s important for you to know when that payment will be forthcoming. ",
                "spans": [
                  {
                    "type": "hyperlink",
                    "data": {
                      "url": "/route-planner/blog/independent-courier-driver-jobs-payment-times"
                    },
                    "start": 91,
                    "end": 108
                  }
                ]
              }
            },
            {
              "type": "heading2",
              "content": {
                "text": "How to become an independent courier for FedEx, Amazon, and UPS",
                "spans": []
              }
            },
            {
              "type": "image",
              "content": {
                "text": "",
                "spans": []
              },
              "data": {
                "origin": {
                  "url": "https://wordpress.getcircuit.com/wp-content/uploads/2021/10/88522356-84da-4fec-a867-b660766726ed-1024x593.jpg"
                },
                "alt": "How to Become an Independent Courier Contractor (in-Depth Guide): How to become an independent courier for FedEx, Amazon, and UPS"
              }
            },
            {
              "type": "paragraph",
              "content": {
                "text": "IBISWorld also reports that the companies holding the largest market share in couriers and local delivery services in the United States industry include United Parcel Service (UPS) and FedEx.",
                "spans": [
                  {
                    "type": "hyperlink",
                    "data": {
                      "url": "https://www.ibisworld.com/united-states/market-research-reports/couriers-local-delivery-services-industry/"
                    },
                    "start": 0,
                    "end": 9
                  }
                ]
              }
            },
            {
              "type": "paragraph",
              "content": {
                "text": "Amazon is also a major player, and many drivers want to know how to be an independent contractor for Amazon.",
                "spans": []
              }
            },
            {
              "type": "paragraph",
              "content": {
                "text": "Here’s how to get on board and be an independent courier contractor for these major delivery companies.",
                "spans": []
              }
            },
            {
              "type": "paragraph",
              "content": {
                "text": "FedEx: There are three ways that you can contract with FedEx: as a Custom Critical Owner-Operator, as a Ground Independent Contractor, or as a Home Delivery Independent Contractor.",
                "spans": [
                  {
                    "type": "strong",
                    "start": 0,
                    "end": 6
                  }
                ]
              }
            },
            {
              "type": "paragraph",
              "content": {
                "text": "There are specific requirements such as having a proper class commercial driver license (CDL) and in some instances experience with tractor-trailers, as well as having a specific type of vehicle depending on which route you choose.",
                "spans": []
              }
            },
            {
              "type": "paragraph",
              "content": {
                "text": "A clean driving record and passing physical and drug tests are other requirements.",
                "spans": []
              }
            },
            {
              "type": "paragraph",
              "content": {
                "text": "The e-commerce giant Amazon has opened its doors to give opportunities with its Amazon Flex courier service.",
                "spans": [
                  {
                    "type": "hyperlink",
                    "data": {
                      "url": "/route-planner/blog/how-to-become-an-amazon-flex-driver"
                    },
                    "start": 80,
                    "end": 108
                  }
                ]
              }
            },
            {
              "type": "paragraph",
              "content": {
                "text": "Drivers are contracted to deliver goods from Amazon fulfillment centres or partner stores using their own vehicles.",
                "spans": []
              }
            },
            {
              "type": "paragraph",
              "content": {
                "text": "There are different types of Amazon delivery jobs, including deliveries for Prime Now and Amazon Logistics.",
                "spans": []
              }
            },
            {
              "type": "paragraph",
              "content": {
                "text": "There’s even an independent courier app that makes it easy. Download the Amazon Flex app on your mobile device and set up an account. ",
                "spans": []
              }
            },
            {
              "type": "paragraph",
              "content": {
                "text": "UPS: There are four options for working at UPS: a package delivery driver, tractor-trailer driver, freight driver and personal vehicle driver.",
                "spans": [
                  {
                    "type": "strong",
                    "start": 0,
                    "end": 4
                  }
                ]
              }
            },
            {
              "type": "paragraph",
              "content": {
                "text": "For instance, using your own vehicle, UPS hires full-time drivers that could be Monday-Friday or include Saturday and holidays.",
                "spans": []
              }
            },
            {
              "type": "paragraph",
              "content": {
                "text": "Jobs may be seasonal, allowing you to supplement your income during peak seasons. The UPS website lists jobs by type and then you search by location. ",
                "spans": [
                  {
                    "type": "hyperlink",
                    "data": {
                      "url": "https://www.jobs-ups.com/drivers#content"
                    },
                    "start": 86,
                    "end": 97
                  }
                ]
              }
            },
            {
              "type": "heading2",
              "content": {
                "text": "Rookie independent courier mistakes to avoid",
                "spans": []
              }
            },
            {
              "type": "image",
              "content": {
                "text": "",
                "spans": []
              },
              "data": {
                "origin": {
                  "url": "https://wordpress.getcircuit.com/wp-content/uploads/2021/10/19cfa170-262f-4c9f-93f3-8a15970b1c4f-1024x593.jpg"
                },
                "alt": "How to Become an Independent Courier Contractor (in-Depth Guide): Rookie independent courier mistakes to avoid"
              }
            },
            {
              "type": "paragraph",
              "content": {
                "text": "When you first start out as a delivery driver, it can be both exciting and intimidating.",
                "spans": []
              }
            },
            {
              "type": "paragraph",
              "content": {
                "text": "You may know the details on how to become an independent delivery contractor but then find in your first days of work that problems arise.",
                "spans": []
              }
            },
            {
              "type": "paragraph",
              "content": {
                "text": "Don’t worry! Here are some rookie mistakes and how you can avoid making them.",
                "spans": []
              }
            },
            {
              "type": "heading3",
              "content": {
                "text": "Not knowing where to go",
                "spans": [
                  {
                    "type": "strong",
                    "start": 0,
                    "end": 23
                  }
                ]
              }
            },
            {
              "type": "paragraph",
              "content": {
                "text": "Even if you’ve lived in the area where you’ll be making deliveries, there will be new addresses to find when you start driving.",
                "spans": []
              }
            },
            {
              "type": "paragraph",
              "content": {
                "text": "If you’re new to the area, or you need to drive out of your familiar home location, you’ll need to know how to navigate unknown areas to make deliveries.",
                "spans": []
              }
            },
            {
              "type": "paragraph",
              "content": {
                "text": "A navigation tool like Google Maps can help, particularly if you won’t be making many stops in a day. ",
                "spans": [
                  {
                    "type": "hyperlink",
                    "data": {
                      "url": "/route-planner/blog/does-google-maps-have-a-route-planner/"
                    },
                    "start": 23,
                    "end": 34
                  }
                ]
              }
            },
            {
              "type": "heading3",
              "content": {
                "text": "Not optimizing your route",
                "spans": [
                  {
                    "type": "strong",
                    "start": 0,
                    "end": 25
                  }
                ]
              }
            },
            {
              "type": "paragraph",
              "content": {
                "text": "Knowing where each stop is located is only one part of planning your route each day. To really be effective as a delivery driver, you need to optimize your route.",
                "spans": []
              }
            },
            {
              "type": "image",
              "content": {
                "text": "",
                "spans": []
              },
              "data": {
                "origin": {
                  "url": "https://wordpress.getcircuit.com/wp-content/uploads/2021/09/priority-stops-with-Circuit-1024x707.png"
                },
                "alt": "How to become an independent courier contractor: Circuit Route Planner"
              }
            },
            {
              "type": "paragraph",
              "content": {
                "text": "That means traveling in the most efficient way to all your destinations, taking into account all your stops and the number of stops you have to make.",
                "spans": []
              }
            },
            {
              "type": "paragraph",
              "content": {
                "text": "Circuit Route Planner is an ideal tool for independent courier contractors, giving you the ability to plan the best route each day and even organize packages in your vehicle with the Fast Package Finder, saving you even more time at each stop.",
                "spans": [
                  {
                    "type": "hyperlink",
                    "data": {
                      "url": "https://getcircuit.com/route-planner"
                    },
                    "start": 0,
                    "end": 21
                  },
                  {
                    "type": "hyperlink",
                    "data": {
                      "url": "/route-planner/blog/place-in-vehicle-feature"
                    },
                    "start": 183,
                    "end": 202
                  }
                ]
              }
            },
            {
              "type": "heading3",
              "content": {
                "text": "Not building bathroom breaks into your schedule",
                "spans": []
              }
            },
            {
              "type": "image",
              "content": {
                "text": "",
                "spans": []
              },
              "data": {
                "origin": {
                  "url": "https://wordpress.getcircuit.com/wp-content/uploads/2021/02/ede268fc-78bf-4745-83c1-423278c10258-1024x593.jpg"
                },
                "alt": "How to Become an Independent Courier Contractor (in-Depth Guide): Not building bathroom breaks into your schedule"
              }
            },
            {
              "type": "paragraph",
              "content": {
                "text": "Being in your car all day means you will need to stop for bathroom breaks.",
                "spans": []
              }
            },
            {
              "type": "paragraph",
              "content": {
                "text": "So rather than disrupt a well-planned route with an unexpected stop, or suffer an embarrassing accident, plan breaks into your schedule.",
                "spans": []
              }
            },
            {
              "type": "paragraph",
              "content": {
                "text": "You can avoid the hassle and expense of backtracking, getting off your planned route, or being late for a planned delivery because you had to find a bathroom fast.",
                "spans": []
              }
            },
            {
              "type": "paragraph",
              "content": {
                "text": "Circuit Route Planner lets you build those breaks into an optimized route, and you will finish the day faster and avoid unnecessary stress.",
                "spans": []
              }
            },
            {
              "type": "paragraph",
              "content": {
                "text": "And when you do find yourself in a dilemma or facing a problem, like an unknown location, remember that people are generally kind. Don’t be afraid to ask for help.",
                "spans": [
                  {
                    "type": "em",
                    "start": 13,
                    "end": 15
                  }
                ]
              }
            },
            {
              "type": "heading2",
              "content": {
                "text": "How to become an independent courier contractor FAQs",
                "spans": []
              }
            },
            {
              "type": "heading3",
              "content": {
                "text": "How much do independent contractor couriers make? ",
                "spans": []
              }
            },
            {
              "type": "paragraph",
              "content": {
                "text": "There are different sources that give information on pay for independent courier contractors.",
                "spans": []
              }
            },
            {
              "type": "paragraph",
              "content": {
                "text": "The U.S. Bureau of Labor Statistics gives a range for drivers, including couriers and messengers, but does not break down by employee vs. independent contractor.",
                "spans": []
              }
            },
            {
              "type": "paragraph",
              "content": {
                "text": "ZipRecruiter reports that in 2021, the average annual pay for an Independent Contractor Courier in the United States is 7,048 a year, which is about 2 an hour.",
                "spans": [
                  {
                    "type": "hyperlink",
                    "data": {
                      "url": "https://www.ziprecruiter.com/Salaries/Independent-Contractor-Courier-Salary"
                    },
                    "start": 0,
                    "end": 12
                  }
                ]
              }
            },
            {
              "type": "paragraph",
              "content": {
                "text": "This will obviously vary based on how the courier gets paid, the number of customers and other factors, and doesn’t include the cost of operating and maintaining your own vehicle.  ",
                "spans": []
              }
            },
            {
              "type": "heading3",
              "content": {
                "text": "What independent courier apps are there? ",
                "spans": []
              }
            },
            {
              "type": "paragraph",
              "content": {
                "text": "There are a multitude of apps that can help independent couriers.",
                "spans": []
              }
            },
            {
              "type": "paragraph",
              "content": {
                "text": "PetrolPrices in the United Kingdom and GasBuddy in North America and Australia help you find the prices at nearby gas stations and consistently save time while you also save money on fuel.",
                "spans": [
                  {
                    "type": "hyperlink",
                    "data": {
                      "url": "https://www.petrolprices.com/"
                    },
                    "start": 0,
                    "end": 12
                  },
                  {
                    "type": "hyperlink",
                    "data": {
                      "url": "https://www.gasbuddy.com/"
                    },
                    "start": 39,
                    "end": 47
                  }
                ]
              }
            },
            {
              "type": "paragraph",
              "content": {
                "text": "Flush is an app for Android and iOS that finds bathrooms with a database of tens of thousands of public toilets. And depending on what type of work you want to do, there are other gig economy apps that open the door to all types of jobs. ",
                "spans": [
                  {
                    "type": "hyperlink",
                    "data": {
                      "url": "https://play.google.com/store/apps/details?id=toilet.samruston.com.toilet"
                    },
                    "start": 20,
                    "end": 27
                  },
                  {
                    "type": "hyperlink",
                    "data": {
                      "url": "https://apps.apple.com/us/app/flush-toilet-finder-map/id955254528"
                    },
                    "start": 32,
                    "end": 35
                  },
                  {
                    "type": "hyperlink",
                    "data": {
                      "url": "/route-planner/blog/gig-economy-apps-for-couriers"
                    },
                    "start": 180,
                    "end": 196
                  }
                ]
              }
            },
            {
              "type": "heading3",
              "content": {
                "text": "Does DHL have independent contractors? ",
                "spans": []
              }
            },
            {
              "type": "paragraph",
              "content": {
                "text": "According to FleetOwner, DHL uses independent contractors for pickup and delivery services in many parts of the United States.",
                "spans": [
                  {
                    "type": "hyperlink",
                    "data": {
                      "url": "https://www.fleetowner.com/news/article/21676504/dhl-in-independent-vs-company-driver-pickle"
                    },
                    "start": 13,
                    "end": 23
                  }
                ]
              }
            },
            {
              "type": "paragraph",
              "content": {
                "text": "It goes on to state that the percentage is about 60/40 between independent contractors and DHL couriers with between 10,000 and 13,000 independent couriers.",
                "spans": []
              }
            },
            {
              "type": "heading3",
              "content": {
                "text": "Are couriers independent contractors? ",
                "spans": []
              }
            },
            {
              "type": "paragraph",
              "content": {
                "text": "Not all couriers are independent contractors.",
                "spans": []
              }
            },
            {
              "type": "paragraph",
              "content": {
                "text": "Some couriers work for one company using a company vehicle. But others choose to be independent courier contractors.",
                "spans": []
              }
            },
            {
              "type": "paragraph",
              "content": {
                "text": "That means they subcontract with a company instead of hiring one as an employee. Or, they find their own end-user customers and deliver for different clients every day. ",
                "spans": []
              }
            },
            {
              "type": "heading2",
              "content": {
                "text": "How to become an independent courier contractor: Driving it home",
                "spans": [
                  {
                    "type": "strong",
                    "start": 0,
                    "end": 64
                  }
                ]
              }
            },
            {
              "type": "paragraph",
              "content": {
                "text": "An increased need for couriers and delivery drivers make this occupation one worth considering. Not every driver needs to be an employee.",
                "spans": []
              }
            },
            {
              "type": "paragraph",
              "content": {
                "text": "Independent courier contractors fill a need all over the world, subcontracting with big companies like FedEx and Amazon, or delivering bread every morning for the local bakery.",
                "spans": []
              }
            },
            {
              "type": "paragraph",
              "content": {
                "text": "Our in-depth guide on how to become an independent courier contractor will arm you with the knowledge you need to get behind the wheel and enjoy a part-time or full-time job in no time.",
                "spans": []
              }
            },
            {
              "type": "paragraph",
              "content": {
                "text": "By using Circuit Route Planner, you’ll be even farther ahead. Get your free trial now.",
                "spans": [
                  {
                    "type": "hyperlink",
                    "data": {
                      "url": "https://circu.it/tUC7hW"
                    },
                    "start": 62,
                    "end": 85
                  },
                  {
                    "type": "em",
                    "start": 0,
                    "end": 86
                  }
                ]
              }
            }
          ]
        }
      }
    }
  ],
  "no_index": false,
  "meta": [
    {
      "title1": "How to Become an Independent Courier Contractor (in-Depth Guide)",
      "description1": "In this guide, we cover the different types of indepentent courier work, what you need, and salary.\n"
    }
  ],
  "social": [
    {
      "image": {
        "origin": {
          "id": "",
          "url": "https://wordpress.getcircuit.com/wp-content/uploads/2021/10/1935eb81-2c68-4e5e-89ed-6047ac504ad2.jpg",
          "width": 2224,
          "height": 1288
        }
      },
      "title1": "How to Become an Independent Courier Contractor (in-Depth Guide)",
      "description1": "In this guide, we cover the different types of indepentent courier work, what you need, and salary.\n"
    }
  ],
  "primary_category": {
    "id": "Yg7TlxEAACQAeTC8",
    "wioUrl": "wio://documents/Yg7TlxEAACQAeTC8"
  },
  "type": "article",
  "tags": [],
  "lang": "en-us",
  "grouplang": "Yg6MwBEAACMAd_Ea"
}